Workbook

Sheet DAS PCIs (Use for Vlookup) 
A1: DU | B1: PCI | C1: Zone | D1: 5G Sector | E1: PCI Zones
A2: 2199 | B2: 144 | C2: 1 | D2: 86 | E2: {=_xlfn.TEXTJOIN(", ",TRUE,_xlfn._xlws.FILTER(C:C,B:B=B2))} -> 1
A3: 2199 | B3: 145 | C3: 2 | D3: 87 | E3: {=_xlfn.TEXTJOIN(", ",TRUE,_xlfn._xlws.FILTER(C:C,B:B=B3))} -> 2
A4: 2199 | B4: 146 | C4: 6 | D4: 88 | E4: {=_xlfn.TEXTJOIN(", ",TRUE,_xlfn._xlws.FILTER(C:C,B:B=B4))} -> 6, 8, 9
A5: 2199 | B5: 146 | C5: 8 | D5: 88 | E5: {=_xlfn.TEXTJOIN(", ",TRUE,_xlfn._xlws.FILTER(C:C,B:B=B5))} -> 6, 8, 9
A6: 2199 | B6: 146 | C6: 9 | D6: 88 | E6: {=_xlfn.TEXTJOIN(", ",TRUE,_xlfn._xlws.FILTER(C:C,B:B=B6))} -> 6, 8, 9
A7: 2199 | B7: 150 | C7: 10 | D7: 89 | E7: {=_xlfn.TEXTJOIN(", ",TRUE,_xlfn._xlws.FILTER(C:C,B:B=B7))} -> 10, 11, 12
A8: 2199 | B8: 150 | C8: 11 | D8: 89 | E8: {=_xlfn.TEXTJOIN(", ",TRUE,_xlfn._xlws.FILTER(C:C,B:B=B8))} -> 10, 11, 12
A9: 2199 | B9: 150 | C9: 12 | D9: 89 | E9: {=_xlfn.TEXTJOIN(", ",TRUE,_xlfn._xlws.FILTER(C:C,B:B=B9))} -> 10, 11, 12
A10: 2199 | B10: 129 | C10: 13 | D10: 90 | E10: {=_xlfn.TEXTJOIN(", ",TRUE,_xlfn._xlws.FILTER(C:C,B:B=B10))} -> 13, 14, 15, 16
A11: 2199 | B11: 129 | C11: 14 | D11: 90 | E11: {=_xlfn.TEXTJOIN(", ",TRUE,_xlfn._xlws.FILTER(C:C,B:B=B11))} -> 13, 14, 15, 16
A12: 2199 | B12: 129 | C12: 15 | D12: 90 | E12: {=_xlfn.TEXTJOIN(", ",TRUE,_xlfn._xlws.FILTER(C:C,B:B=B12))} -> 13, 14, 15, 16
A13: 2199 | B13: 129 | C13: 16 | D13: 90 | E13: {=_xlfn.TEXTJOIN(", ",TRUE,_xlfn._xlws.FILTER(C:C,B:B=B13))} -> 13, 14, 15, 16
... A88: 2206 | B88: 107 | C88: 4 | D88: 121 | E88: {=_xlfn.TEXTJOIN(", ",TRUE,_xlfn._xlws.FILTER(C:C,B:B=B88))} -> 4

Sheet Service Level
A1: TECH | B1: Level | C1: PCI | D1: Zones | E1: Dominance | F1: Status
A2: AWS-3 | B2: Service Level | C2: 144 | D2: =IF(C2="","",_xlfn.XLOOKUP(C2,'DAS PCIs (Use for Vlookup) '!$B:$B,'DAS PCIs (Use for Vlookup) '!$E:$E,"MACRO")) -> 1 | E2: 0.5131 | F2: Good
A3: NR | B3: Service Level | C3: 144 | D3: =IF(C3="","",_xlfn.XLOOKUP(C3,'DAS PCIs (Use for Vlookup) '!$B:$B,'DAS PCIs (Use for Vlookup) '!$E:$E,"MACRO")) -> 1 | E3: 0.4647 | F3: Good
A4: AWS-3 | B4: Service Level | C4: 145 | D4: =IF(C4="","",_xlfn.XLOOKUP(C4,'DAS PCIs (Use for Vlookup) '!$B:$B,'DAS PCIs (Use for Vlookup) '!$E:$E,"MACRO")) -> 2 | E4: 0.3447 | F4: Good
A5: NR | B5: Service Level | C5: 145 | D5: =IF(C5="","",_xlfn.XLOOKUP(C5,'DAS PCIs (Use for Vlookup) '!$B:$B,'DAS PCIs (Use for Vlookup) '!$E:$E,"MACRO")) -> 2 | E5: 0.319 | F5: Good
A6: AWS-3 | B6: Service Level | C6: 130 | D6: =IF(C6="","",_xlfn.XLOOKUP(C6,'DAS PCIs (Use for Vlookup) '!$B:$B,'DAS PCIs (Use for Vlookup) '!$E:$E,"MACRO")) -> 17, 18, 19, 20, 21, 22 | E6: 0.0379 | F6: Control
A7: NR | B7: Service Level | C7: 458 | D7: =IF(C7="","",_xlfn.XLOOKUP(C7,'DAS PCIs (Use for Vlookup) '!$B:$B,'DAS PCIs (Use for Vlookup) '!$E:$E,"MACRO")) -> MACRO | E7: 0.0347 | F7: Tilt
A8: NR | B8: Service Level | C8: 130 | D8: =IF(C8="","",_xlfn.XLOOKUP(C8,'DAS PCIs (Use for Vlookup) '!$B:$B,'DAS PCIs (Use for Vlookup) '!$E:$E,"MACRO")) -> 17, 18, 19, 20, 21, 22 | E8: 0.0322 | F8: Control
A9: AWS-3 | B9: Service Level | C9: 438 | D9: =IF(C9="","",_xlfn.XLOOKUP(C9,'DAS PCIs (Use for Vlookup) '!$B:$B,'DAS PCIs (Use for Vlookup) '!$E:$E,"MACRO")) -> MACRO | E9: 0.0313 | F9: Tilt
A10: NR | B10: Service Level | C10: 472 | D10: =IF(C10="","",_xlfn.XLOOKUP(C10,'DAS PCIs (Use for Vlookup) '!$B:$B,'DAS PCIs (Use for Vlookup) '!$E:$E,"MACRO")) -> MACRO | E10: 0.0271 | F10: Tilt
A11: AWS-3 | B11: Service Level | C11: 150 | D11: =IF(C11="","",_xlfn.XLOOKUP(C11,'DAS PCIs (Use for Vlookup) '!$B:$B,'DAS PCIs (Use for Vlookup) '!$E:$E,"MACRO")) -> 10, 11, 12 | E11: 0.0251 | F11: Control
A12: NR | B12: Service Level | C12: 452 | D12: =IF(C12="","",_xlfn.XLOOKUP(C12,'DAS PCIs (Use for Vlookup) '!$B:$B,'DAS PCIs (Use for Vlookup) '!$E:$E,"MACRO")) -> MACRO | E12: 0.0216 | F12: Tilt
A13: NR | B13: Service Level | C13: 450 | D13: =IF(C13="","",_xlfn.XLOOKUP(C13,'DAS PCIs (Use for Vlookup) '!$B:$B,'DAS PCIs (Use for Vlookup) '!$E:$E,"MACRO")) -> MACRO | E13: 0.0211 | F13: Tilt
... A18: NR | B18: Service Level | C18: 129 | D18: =IF(C18="","",_xlfn.XLOOKUP(C18,'DAS PCIs (Use for Vlookup) '!$B:$B,'DAS PCIs (Use for Vlookup) '!$E:$E,"MACRO")) -> 13, 14, 15, 16 | E18: 0.0129 | F18: Control
A19: NR | B19: Service Level | C19: 475 | D19: =IF(C19="","",_xlfn.XLOOKUP(C19,'DAS PCIs (Use for Vlookup) '!$B:$B,'DAS PCIs (Use for Vlookup) '!$E:$E,"MACRO")) -> MACRO | E19: 0.0085
A20: AWS-3 | B20: Service Level | C20: 206 | D20: =IF(C20="","",_xlfn.XLOOKUP(C20,'DAS PCIs (Use for Vlookup) '!$B:$B,'DAS PCIs (Use for Vlookup) '!$E:$E,"MACRO")) -> 5 | E20: 0.0061
A21: NR | B21: Service Level | C21: 454 | D21: =IF(C21="","",_xlfn.XLOOKUP(C21,'DAS PCIs (Use for Vlookup) '!$B:$B,'DAS PCIs (Use for Vlookup) '!$E:$E,"MACRO")) -> MACRO | E21: 0.0052
A22: AWS-3 | B22: Service Level | C22: 282 | D22: =IF(C22="","",_xlfn.XLOOKUP(C22,'DAS PCIs (Use for Vlookup) '!$B:$B,'DAS PCIs (Use for Vlookup) '!$E:$E,"MACRO")) -> 43, 44, 45, 46 | E22: 0.0037
A23: NR | B23: Service Level | C23: 192 | D23: =IF(C23="","",_xlfn.XLOOKUP(C23,'DAS PCIs (Use for Vlookup) '!$B:$B,'DAS PCIs (Use for Vlookup) '!$E:$E,"MACRO")) -> 27, 28 | E23: 0.0037
A24: AWS-3 | B24: Service Level | C24: 192 | D24: =IF(C24="","",_xlfn.XLOOKUP(C24,'DAS PCIs (Use for Vlookup) '!$B:$B,'DAS PCIs (Use for Vlookup) '!$E:$E,"MACRO")) -> 27, 28 | E24: 0.0035 | H24: =IF(G24="","",_xlfn.XLOOKUP(G24,'DAS PCIs (Use for Vlookup) '!$B:$B,'DAS PCIs (Use for Vlookup) '!$E:$E,"MACRO"))
A25: NR | B25: Service Level | C25: 206 | D25: =IF(C25="","",_xlfn.XLOOKUP(C25,'DAS PCIs (Use for Vlookup) '!$B:$B,'DAS PCIs (Use for Vlookup) '!$E:$E,"MACRO")) -> 5 | E25: 0.0035
A26: NR | B26: Service Level | C26: 455 | D26: =IF(C26="","",_xlfn.XLOOKUP(C26,'DAS PCIs (Use for Vlookup) '!$B:$B,'DAS PCIs (Use for Vlookup) '!$E:$E,"MACRO")) -> MACRO | E26: 0.002
A27: NR | B27: Service Level | C27: 456 | D27: =IF(C27="","",_xlfn.XLOOKUP(C27,'DAS PCIs (Use for Vlookup) '!$B:$B,'DAS PCIs (Use for Vlookup) '!$E:$E,"MACRO")) -> MACRO | E27: 0.002
A28: NR | B28: Service Level | C28: 451 | D28: =IF(C28="","",_xlfn.XLOOKUP(C28,'DAS PCIs (Use for Vlookup) '!$B:$B,'DAS PCIs (Use for Vlookup) '!$E:$E,"MACRO")) -> MACRO | E28: 0.0018
A29: NR | B29: Service Level | C29: 457 | D29: =IF(C29="","",_xlfn.XLOOKUP(C29,'DAS PCIs (Use for Vlookup) '!$B:$B,'DAS PCIs (Use for Vlookup) '!$E:$E,"MACRO")) -> MACRO | E29: 0.0018
A30: NR | B30: Service Level | C30: 460 | D30: =IF(C30="","",_xlfn.XLOOKUP(C30,'DAS PCIs (Use for Vlookup) '!$B:$B,'DAS PCIs (Use for Vlookup) '!$E:$E,"MACRO")) -> MACRO | E30: 0.0017
A31: NR | B31: Service Level | C31: 459 | D31: =IF(C31="","",_xlfn.XLOOKUP(C31,'DAS PCIs (Use for Vlookup) '!$B:$B,'DAS PCIs (Use for Vlookup) '!$E:$E,"MACRO")) -> MACRO | E31: 0.0017
A32: NR | B32: Service Level | C32: 461 | D32: =IF(C32="","",_xlfn.XLOOKUP(C32,'DAS PCIs (Use for Vlookup) '!$B:$B,'DAS PCIs (Use for Vlookup) '!$E:$E,"MACRO")) -> MACRO | E32: 0.0015
A33: NR | B33: Service Level | C33: 106 | D33: =IF(C33="","",_xlfn.XLOOKUP(C33,'DAS PCIs (Use for Vlookup) '!$B:$B,'DAS PCIs (Use for Vlookup) '!$E:$E,"MACRO")) -> 3 | E33: 0.0015
A34: AWS-3 | B34: Service Level | C34: 107 | D34: =IF(C34="","",_xlfn.XLOOKUP(C34,'DAS PCIs (Use for Vlookup) '!$B:$B,'DAS PCIs (Use for Vlookup) '!$E:$E,"MACRO")) -> 4 | E34: 0.0007
D35: =IF(C35="","",_xlfn.XLOOKUP(C35,'DAS PCIs (Use for Vlookup) '!$B:$B,'DAS PCIs (Use for Vlookup) '!$E:$E,"MACRO"))
D36: =IF(C36="","",_xlfn.XLOOKUP(C36,'DAS PCIs (Use for Vlookup) '!$B:$B,'DAS PCIs (Use for Vlookup) '!$E:$E,"MACRO"))
D37: =IF(C37="","",_xlfn.XLOOKUP(C37,'DAS PCIs (Use for Vlookup) '!$B:$B,'DAS PCIs (Use for Vlookup) '!$E:$E,"MACRO"))
D38: =IF(C38="","",_xlfn.XLOOKUP(C38,'DAS PCIs (Use for Vlookup) '!$B:$B,'DAS PCIs (Use for Vlookup) '!$E:$E,"MACRO"))
D39: =IF(C39="","",_xlfn.XLOOKUP(C39,'DAS PCIs (Use for Vlookup) '!$B:$B,'DAS PCIs (Use for Vlookup) '!$E:$E,"MACRO"))
D40: =IF(C40="","",_xlfn.XLOOKUP(C40,'DAS PCIs (Use for Vlookup) '!$B:$B,'DAS PCIs (Use for Vlookup) '!$E:$E,"MACRO"))

Sheet Office Mezz
A1: TECH | B1: Level | C1: PCI | D1: Zones | E1: Dominance | F1: Status
A2: AWS-3 | B2: Mezzoning | C2: 125 | D2: =IF(C2="","",_xlfn.XLOOKUP(C2,'DAS PCIs (Use for Vlookup) '!$B:$B,'DAS PCIs (Use for Vlookup) '!$E:$E,"MACRO")) -> 60, 61, 62 | E2: 0.6872 | F2: Good
A3: AWS-3 | B3: Mezzoning | C3: 57 | D3: =IF(C3="","",_xlfn.XLOOKUP(C3,'DAS PCIs (Use for Vlookup) '!$B:$B,'DAS PCIs (Use for Vlookup) '!$E:$E,"MACRO")) -> MACRO | E3: 0.0452 | F3: Tilt
A4: AWS-3 | B4: Mezzoning | C4: 44 | D4: =IF(C4="","",_xlfn.XLOOKUP(C4,'DAS PCIs (Use for Vlookup) '!$B:$B,'DAS PCIs (Use for Vlookup) '!$E:$E,"MACRO")) -> 63, 64 | E4: 0.1131 | F4: Control
A5: AWS-3 | B5: Mezzoning | C5: 438 | D5: =IF(C5="","",_xlfn.XLOOKUP(C5,'DAS PCIs (Use for Vlookup) '!$B:$B,'DAS PCIs (Use for Vlookup) '!$E:$E,"MACRO")) -> MACRO | E5: 0.0364 | F5: Tilt
A6: AWS-3 | B6: Mezzoning | C6: 151 | D6: =IF(C6="","",_xlfn.XLOOKUP(C6,'DAS PCIs (Use for Vlookup) '!$B:$B,'DAS PCIs (Use for Vlookup) '!$E:$E,"MACRO")) -> 47, 48, 49 | E6: 0.1181 | F6: Control
A7: NR | B7: Mezzoning | C7: 125 | D7: =IF(C7="","",_xlfn.XLOOKUP(C7,'DAS PCIs (Use for Vlookup) '!$B:$B,'DAS PCIs (Use for Vlookup) '!$E:$E,"MACRO")) -> 60, 61, 62 | E7: 0.7069 | F7: Good
A8: NR | B8: Mezzoning | C8: 57 | D8: =IF(C8="","",_xlfn.XLOOKUP(C8,'DAS PCIs (Use for Vlookup) '!$B:$B,'DAS PCIs (Use for Vlookup) '!$E:$E,"MACRO")) -> MACRO | E8: 0.0233 | F8: Tilt
A9: NR | B9: Mezzoning | C9: 593 | D9: =IF(C9="","",_xlfn.XLOOKUP(C9,'DAS PCIs (Use for Vlookup) '!$B:$B,'DAS PCIs (Use for Vlookup) '!$E:$E,"MACRO")) -> MACRO | E9: 0.1167 | F9: Tilt
A10: NR | B10: Mezzoning | C10: 761 | D10: =IF(C10="","",_xlfn.XLOOKUP(C10,'DAS PCIs (Use for Vlookup) '!$B:$B,'DAS PCIs (Use for Vlookup) '!$E:$E,"MACRO")) -> MACRO | E10: 0.0337 | F10: Tilt
A11: NR | B11: Mezzoning | C11: 831 | D11: =IF(C11="","",_xlfn.XLOOKUP(C11,'DAS PCIs (Use for Vlookup) '!$B:$B,'DAS PCIs (Use for Vlookup) '!$E:$E,"MACRO")) -> MACRO | E11: 0.0661 | F11: Tilt
A12: NR | B12: Mezzoning | C12: 832 | D12: =IF(C12="","",_xlfn.XLOOKUP(C12,'DAS PCIs (Use for Vlookup) '!$B:$B,'DAS PCIs (Use for Vlookup) '!$E:$E,"MACRO")) -> MACRO | E12: 0.048 | F12: Tilt
A13: NR | B13: Mezzoning | C13: 759 | D13: =IF(C13="","",_xlfn.XLOOKUP(C13,'DAS PCIs (Use for Vlookup) '!$B:$B,'DAS PCIs (Use for Vlookup) '!$E:$E,"MACRO")) -> MACRO | E13: 0.0052
D14: =IF(C14="","",_xlfn.XLOOKUP(C14,'DAS PCIs (Use for Vlookup) '!$B:$B,'DAS PCIs (Use for Vlookup) '!$E:$E,"MACRO"))
D15: =IF(C15="","",_xlfn.XLOOKUP(C15,'DAS PCIs (Use for Vlookup) '!$B:$B,'DAS PCIs (Use for Vlookup) '!$E:$E,"MACRO"))
D16: =IF(C16="","",_xlfn.XLOOKUP(C16,'DAS PCIs (Use for Vlookup) '!$B:$B,'DAS PCIs (Use for Vlookup) '!$E:$E,"MACRO"))
D17: =IF(C17="","",_xlfn.XLOOKUP(C17,'DAS PCIs (Use for Vlookup) '!$B:$B,'DAS PCIs (Use for Vlookup) '!$E:$E,"MACRO"))
D18: =IF(C18="","",_xlfn.XLOOKUP(C18,'DAS PCIs (Use for Vlookup) '!$B:$B,'DAS PCIs (Use for Vlookup) '!$E:$E,"MACRO"))
D19: =IF(C19="","",_xlfn.XLOOKUP(C19,'DAS PCIs (Use for Vlookup) '!$B:$B,'DAS PCIs (Use for Vlookup) '!$E:$E,"MACRO"))
D20: =IF(C20="","",_xlfn.XLOOKUP(C20,'DAS PCIs (Use for Vlookup) '!$B:$B,'DAS PCIs (Use for Vlookup) '!$E:$E,"MACRO"))
D21: =IF(C21="","",_xlfn.XLOOKUP(C21,'DAS PCIs (Use for Vlookup) '!$B:$B,'DAS PCIs (Use for Vlookup) '!$E:$E,"MACRO"))
D22: =IF(C22="","",_xlfn.XLOOKUP(C22,'DAS PCIs (Use for Vlookup) '!$B:$B,'DAS PCIs (Use for Vlookup) '!$E:$E,"MACRO"))
D23: =IF(C23="","",_xlfn.XLOOKUP(C23,'DAS PCIs (Use for Vlookup) '!$B:$B,'DAS PCIs (Use for Vlookup) '!$E:$E,"MACRO"))
D24: =IF(C24="","",_xlfn.XLOOKUP(C24,'DAS PCIs (Use for Vlookup) '!$B:$B,'DAS PCIs (Use for Vlookup) '!$E:$E,"MACRO")) | H24: =IF(G24="","",_xlfn.XLOOKUP(G24,'DAS PCIs (Use for Vlookup) '!$B:$B,'DAS PCIs (Use for Vlookup) '!$E:$E,"MACRO"))
D25: =IF(C25="","",_xlfn.XLOOKUP(C25,'DAS PCIs (Use for Vlookup) '!$B:$B,'DAS PCIs (Use for Vlookup) '!$E:$E,"MACRO"))
D26: =IF(C26="","",_xlfn.XLOOKUP(C26,'DAS PCIs (Use for Vlookup) '!$B:$B,'DAS PCIs (Use for Vlookup) '!$E:$E,"MACRO"))
D27: =IF(C27="","",_xlfn.XLOOKUP(C27,'DAS PCIs (Use for Vlookup) '!$B:$B,'DAS PCIs (Use for Vlookup) '!$E:$E,"MACRO"))
D28: =IF(C28="","",_xlfn.XLOOKUP(C28,'DAS PCIs (Use for Vlookup) '!$B:$B,'DAS PCIs (Use for Vlookup) '!$E:$E,"MACRO"))
D29: =IF(C29="","",_xlfn.XLOOKUP(C29,'DAS PCIs (Use for Vlookup) '!$B:$B,'DAS PCIs (Use for Vlookup) '!$E:$E,"MACRO"))
D30: =IF(C30="","",_xlfn.XLOOKUP(C30,'DAS PCIs (Use for Vlookup) '!$B:$B,'DAS PCIs (Use for Vlookup) '!$E:$E,"MACRO"))
D31: =IF(C31="","",_xlfn.XLOOKUP(C31,'DAS PCIs (Use for Vlookup) '!$B:$B,'DAS PCIs (Use for Vlookup) '!$E:$E,"MACRO"))
D32: =IF(C32="","",_xlfn.XLOOKUP(C32,'DAS PCIs (Use for Vlookup) '!$B:$B,'DAS PCIs (Use for Vlookup) '!$E:$E,"MACRO"))
D33: =IF(C33="","",_xlfn.XLOOKUP(C33,'DAS PCIs (Use for Vlookup) '!$B:$B,'DAS PCIs (Use for Vlookup) '!$E:$E,"MACRO"))
D34: =IF(C34="","",_xlfn.XLOOKUP(C34,'DAS PCIs (Use for Vlookup) '!$B:$B,'DAS PCIs (Use for Vlookup) '!$E:$E,"MACRO"))
D35: =IF(C35="","",_xlfn.XLOOKUP(C35,'DAS PCIs (Use for Vlookup) '!$B:$B,'DAS PCIs (Use for Vlookup) '!$E:$E,"MACRO"))
D36: =IF(C36="","",_xlfn.XLOOKUP(C36,'DAS PCIs (Use for Vlookup) '!$B:$B,'DAS PCIs (Use for Vlookup) '!$E:$E,"MACRO"))
... D40: =IF(C40="","",_xlfn.XLOOKUP(C40,'DAS PCIs (Use for Vlookup) '!$B:$B,'DAS PCIs (Use for Vlookup) '!$E:$E,"MACRO"))

Sheet Main Concourse
A1: TECH | B1: Level | C1: PCI | D1: Zones | E1: Dominance | F1: Status
D13: =IF(C13="","",_xlfn.XLOOKUP(C13,'DAS PCIs (Use for Vlookup) '!$B:$B,'DAS PCIs (Use for Vlookup) '!$E:$E,"MACRO"))
D14: =IF(C14="","",_xlfn.XLOOKUP(C14,'DAS PCIs (Use for Vlookup) '!$B:$B,'DAS PCIs (Use for Vlookup) '!$E:$E,"MACRO"))
D15: =IF(C15="","",_xlfn.XLOOKUP(C15,'DAS PCIs (Use for Vlookup) '!$B:$B,'DAS PCIs (Use for Vlookup) '!$E:$E,"MACRO"))
D16: =IF(C16="","",_xlfn.XLOOKUP(C16,'DAS PCIs (Use for Vlookup) '!$B:$B,'DAS PCIs (Use for Vlookup) '!$E:$E,"MACRO"))
D17: =IF(C17="","",_xlfn.XLOOKUP(C17,'DAS PCIs (Use for Vlookup) '!$B:$B,'DAS PCIs (Use for Vlookup) '!$E:$E,"MACRO"))
D18: =IF(C18="","",_xlfn.XLOOKUP(C18,'DAS PCIs (Use for Vlookup) '!$B:$B,'DAS PCIs (Use for Vlookup) '!$E:$E,"MACRO"))
D19: =IF(C19="","",_xlfn.XLOOKUP(C19,'DAS PCIs (Use for Vlookup) '!$B:$B,'DAS PCIs (Use for Vlookup) '!$E:$E,"MACRO"))
D20: =IF(C20="","",_xlfn.XLOOKUP(C20,'DAS PCIs (Use for Vlookup) '!$B:$B,'DAS PCIs (Use for Vlookup) '!$E:$E,"MACRO"))
D21: =IF(C21="","",_xlfn.XLOOKUP(C21,'DAS PCIs (Use for Vlookup) '!$B:$B,'DAS PCIs (Use for Vlookup) '!$E:$E,"MACRO"))
D22: =IF(C22="","",_xlfn.XLOOKUP(C22,'DAS PCIs (Use for Vlookup) '!$B:$B,'DAS PCIs (Use for Vlookup) '!$E:$E,"MACRO"))
D23: =IF(C23="","",_xlfn.XLOOKUP(C23,'DAS PCIs (Use for Vlookup) '!$B:$B,'DAS PCIs (Use for Vlookup) '!$E:$E,"MACRO"))
D24: =IF(C24="","",_xlfn.XLOOKUP(C24,'DAS PCIs (Use for Vlookup) '!$B:$B,'DAS PCIs (Use for Vlookup) '!$E:$E,"MACRO")) | H24: =IF(G24="","",_xlfn.XLOOKUP(G24,'DAS PCIs (Use for Vlookup) '!$B:$B,'DAS PCIs (Use for Vlookup) '!$E:$E,"MACRO"))
D25: =IF(C25="","",_xlfn.XLOOKUP(C25,'DAS PCIs (Use for Vlookup) '!$B:$B,'DAS PCIs (Use for Vlookup) '!$E:$E,"MACRO"))
D26: =IF(C26="","",_xlfn.XLOOKUP(C26,'DAS PCIs (Use for Vlookup) '!$B:$B,'DAS PCIs (Use for Vlookup) '!$E:$E,"MACRO"))
D27: =IF(C27="","",_xlfn.XLOOKUP(C27,'DAS PCIs (Use for Vlookup) '!$B:$B,'DAS PCIs (Use for Vlookup) '!$E:$E,"MACRO"))
D28: =IF(C28="","",_xlfn.XLOOKUP(C28,'DAS PCIs (Use for Vlookup) '!$B:$B,'DAS PCIs (Use for Vlookup) '!$E:$E,"MACRO"))
D29: =IF(C29="","",_xlfn.XLOOKUP(C29,'DAS PCIs (Use for Vlookup) '!$B:$B,'DAS PCIs (Use for Vlookup) '!$E:$E,"MACRO"))
D30: =IF(C30="","",_xlfn.XLOOKUP(C30,'DAS PCIs (Use for Vlookup) '!$B:$B,'DAS PCIs (Use for Vlookup) '!$E:$E,"MACRO"))
D31: =IF(C31="","",_xlfn.XLOOKUP(C31,'DAS PCIs (Use for Vlookup) '!$B:$B,'DAS PCIs (Use for Vlookup) '!$E:$E,"MACRO"))
D32: =IF(C32="","",_xlfn.XLOOKUP(C32,'DAS PCIs (Use for Vlookup) '!$B:$B,'DAS PCIs (Use for Vlookup) '!$E:$E,"MACRO"))
D33: =IF(C33="","",_xlfn.XLOOKUP(C33,'DAS PCIs (Use for Vlookup) '!$B:$B,'DAS PCIs (Use for Vlookup) '!$E:$E,"MACRO"))
D34: =IF(C34="","",_xlfn.XLOOKUP(C34,'DAS PCIs (Use for Vlookup) '!$B:$B,'DAS PCIs (Use for Vlookup) '!$E:$E,"MACRO"))
D35: =IF(C35="","",_xlfn.XLOOKUP(C35,'DAS PCIs (Use for Vlookup) '!$B:$B,'DAS PCIs (Use for Vlookup) '!$E:$E,"MACRO"))
D36: =IF(C36="","",_xlfn.XLOOKUP(C36,'DAS PCIs (Use for Vlookup) '!$B:$B,'DAS PCIs (Use for Vlookup) '!$E:$E,"MACRO"))
... D40: =IF(C40="","",_xlfn.XLOOKUP(C40,'DAS PCIs (Use for Vlookup) '!$B:$B,'DAS PCIs (Use for Vlookup) '!$E:$E,"MACRO"))

Sheet Upper Concourse
A1: TECH | B1: Level | C1: PCI | D1: Zones | E1: Dominance | F1: Status
A2: AWS-3 | B2: Upper Concourse | C2: 43 | D2: =IF(C2="","",_xlfn.XLOOKUP(C2,'DAS PCIs (Use for Vlookup) '!$B:$B,'DAS PCIs (Use for Vlookup) '!$E:$E,"MACRO")) -> 65, 66 | E2: 0.0469
A3: AWS-3 | B3: Upper Concourse | C3: 18 | D3: =IF(C3="","",_xlfn.XLOOKUP(C3,'DAS PCIs (Use for Vlookup) '!$B:$B,'DAS PCIs (Use for Vlookup) '!$E:$E,"MACRO")) -> 67, 68, 69 | E3: 0.2048
A4: AWS-3 | B4: Upper Concourse | C4: 438 | D4: =IF(C4="","",_xlfn.XLOOKUP(C4,'DAS PCIs (Use for Vlookup) '!$B:$B,'DAS PCIs (Use for Vlookup) '!$E:$E,"MACRO")) -> MACRO | E4: 0.2181 | F4: Downtilt Macro
A5: AWS-3 | B5: Upper Concourse | C5: 19 | D5: =IF(C5="","",_xlfn.XLOOKUP(C5,'DAS PCIs (Use for Vlookup) '!$B:$B,'DAS PCIs (Use for Vlookup) '!$E:$E,"MACRO")) -> 70, 71, 72 | E5: 0.0336
A6: AWS-3 | B6: Upper Concourse | C6: 20 | D6: =IF(C6="","",_xlfn.XLOOKUP(C6,'DAS PCIs (Use for Vlookup) '!$B:$B,'DAS PCIs (Use for Vlookup) '!$E:$E,"MACRO")) -> 73, 74 | E6: 0.1587
A7: AWS-3 | B7: Upper Concourse | C7: 237 | D7: =IF(C7="","",_xlfn.XLOOKUP(C7,'DAS PCIs (Use for Vlookup) '!$B:$B,'DAS PCIs (Use for Vlookup) '!$E:$E,"MACRO")) -> 75, 76, 77 | E7: 0.0774
A8: AWS-3 | B8: Upper Concourse | C8: 238 | D8: =IF(C8="","",_xlfn.XLOOKUP(C8,'DAS PCIs (Use for Vlookup) '!$B:$B,'DAS PCIs (Use for Vlookup) '!$E:$E,"MACRO")) -> 78, 79 | E8: 0.1587
A9: AWS-3 | B9: Upper Concourse | C9: 239 | D9: =IF(C9="","",_xlfn.XLOOKUP(C9,'DAS PCIs (Use for Vlookup) '!$B:$B,'DAS PCIs (Use for Vlookup) '!$E:$E,"MACRO")) -> 80, 81, 82 | E9: 0.052
A10: AWS-3 | B10: Upper Concourse | C10: 27 | D10: =IF(C10="","",_xlfn.XLOOKUP(C10,'DAS PCIs (Use for Vlookup) '!$B:$B,'DAS PCIs (Use for Vlookup) '!$E:$E,"MACRO")) -> MACRO | E10: 0.0016
A11: AWS-3 | B11: Upper Concourse | C11: 56 | D11: =IF(C11="","",_xlfn.XLOOKUP(C11,'DAS PCIs (Use for Vlookup) '!$B:$B,'DAS PCIs (Use for Vlookup) '!$E:$E,"MACRO")) -> 83 | E11: 0.0321
A12: AWS-3 | B12: Upper Concourse | C12: 252 | D12: =IF(C12="","",_xlfn.XLOOKUP(C12,'DAS PCIs (Use for Vlookup) '!$B:$B,'DAS PCIs (Use for Vlookup) '!$E:$E,"MACRO")) -> 29, 30, 31 | E12: 0.016
A13: NR | B13: Upper Concourse | C13: 463 | D13: =IF(C13="","",_xlfn.XLOOKUP(C13,'DAS PCIs (Use for Vlookup) '!$B:$B,'DAS PCIs (Use for Vlookup) '!$E:$E,"MACRO")) -> MACRO | E13: 0.0965
A14: NR | B14: Upper Concourse | C14: 468 | D14: =IF(C14="","",_xlfn.XLOOKUP(C14,'DAS PCIs (Use for Vlookup) '!$B:$B,'DAS PCIs (Use for Vlookup) '!$E:$E,"MACRO")) -> MACRO | E14: 0.0402
A15: NR | B15: Upper Concourse | C15: 470 | D15: =IF(C15="","",_xlfn.XLOOKUP(C15,'DAS PCIs (Use for Vlookup) '!$B:$B,'DAS PCIs (Use for Vlookup) '!$E:$E,"MACRO")) -> MACRO | E15: 0.015
A16: NR | B16: Upper Concourse | C16: 458 | D16: =IF(C16="","",_xlfn.XLOOKUP(C16,'DAS PCIs (Use for Vlookup) '!$B:$B,'DAS PCIs (Use for Vlookup) '!$E:$E,"MACRO")) -> MACRO | E16: 0.0055
... A23: NR | B23: Upper Concourse | C23: 469 | D23: =IF(C23="","",_xlfn.XLOOKUP(C23,'DAS PCIs (Use for Vlookup) '!$B:$B,'DAS PCIs (Use for Vlookup) '!$E:$E,"MACRO")) -> MACRO | E23: 0.0461
A24: NR | B24: Upper Concourse | C24: 451 | D24: =IF(C24="","",_xlfn.XLOOKUP(C24,'DAS PCIs (Use for Vlookup) '!$B:$B,'DAS PCIs (Use for Vlookup) '!$E:$E,"MACRO")) -> MACRO | E24: 0.0016 | H24: =IF(G24="","",_xlfn.XLOOKUP(G24,'DAS PCIs (Use for Vlookup) '!$B:$B,'DAS PCIs (Use for Vlookup) '!$E:$E,"MACRO"))
A25: NR | B25: Upper Concourse | C25: 453 | D25: =IF(C25="","",_xlfn.XLOOKUP(C25,'DAS PCIs (Use for Vlookup) '!$B:$B,'DAS PCIs (Use for Vlookup) '!$E:$E,"MACRO")) -> MACRO | E25: 4e-05
A26: NR | B26: Upper Concourse | C26: 450 | D26: =IF(C26="","",_xlfn.XLOOKUP(C26,'DAS PCIs (Use for Vlookup) '!$B:$B,'DAS PCIs (Use for Vlookup) '!$E:$E,"MACRO")) -> MACRO | E26: 0.0028
A27: NR | B27: Upper Concourse | C27: 471 | D27: =IF(C27="","",_xlfn.XLOOKUP(C27,'DAS PCIs (Use for Vlookup) '!$B:$B,'DAS PCIs (Use for Vlookup) '!$E:$E,"MACRO")) -> MACRO | E27: 0.111
A28: NR | B28: Upper Concourse | C28: 475 | D28: =IF(C28="","",_xlfn.XLOOKUP(C28,'DAS PCIs (Use for Vlookup) '!$B:$B,'DAS PCIs (Use for Vlookup) '!$E:$E,"MACRO")) -> MACRO | E28: 0.0319
A29: NR | B29: Upper Concourse | C29: 78 | D29: =IF(C29="","",_xlfn.XLOOKUP(C29,'DAS PCIs (Use for Vlookup) '!$B:$B,'DAS PCIs (Use for Vlookup) '!$E:$E,"MACRO")) -> MACRO | E29: 0.0031
A30: NR | B30: Upper Concourse | C30: 467 | D30: =IF(C30="","",_xlfn.XLOOKUP(C30,'DAS PCIs (Use for Vlookup) '!$B:$B,'DAS PCIs (Use for Vlookup) '!$E:$E,"MACRO")) -> MACRO | E30: 0.0461
A31: NR | B31: Upper Concourse | C31: 452 | D31: =IF(C31="","",_xlfn.XLOOKUP(C31,'DAS PCIs (Use for Vlookup) '!$B:$B,'DAS PCIs (Use for Vlookup) '!$E:$E,"MACRO")) -> MACRO | E31: 0.0043
A32: NR | B32: Upper Concourse | C32: 104 | D32: =IF(C32="","",_xlfn.XLOOKUP(C32,'DAS PCIs (Use for Vlookup) '!$B:$B,'DAS PCIs (Use for Vlookup) '!$E:$E,"MACRO")) -> MACRO | E32: 0.0012
A33: NR | B33: Upper Concourse | C33: 20 | D33: =IF(C33="","",_xlfn.XLOOKUP(C33,'DAS PCIs (Use for Vlookup) '!$B:$B,'DAS PCIs (Use for Vlookup) '!$E:$E,"MACRO")) -> 73, 74 | E33: 0.0083
A34: NR | B34: Upper Concourse | C34: 596 | D34: =IF(C34="","",_xlfn.XLOOKUP(C34,'DAS PCIs (Use for Vlookup) '!$B:$B,'DAS PCIs (Use for Vlookup) '!$E:$E,"MACRO")) -> MACRO | E34: 0.0236
A35: NR | B35: Upper Concourse | C35: 57 | D35: =IF(C35="","",_xlfn.XLOOKUP(C35,'DAS PCIs (Use for Vlookup) '!$B:$B,'DAS PCIs (Use for Vlookup) '!$E:$E,"MACRO")) -> MACRO | E35: 0.0591
A36: NR | B36: Upper Concourse | C36: 831 | D36: =IF(C36="","",_xlfn.XLOOKUP(C36,'DAS PCIs (Use for Vlookup) '!$B:$B,'DAS PCIs (Use for Vlookup) '!$E:$E,"MACRO")) -> MACRO | E36: 0.1291
... A82: N2 | B82: Upper Concourse | C82: 456 | D82: =IF(C82="","",_xlfn.XLOOKUP(C82,'DAS PCIs (Use for Vlookup) '!$B:$B,'DAS PCIs (Use for Vlookup) '!$E:$E,"MACRO")) -> MACRO | E82: 0.0004
